T7Lac,prokaryote,bacteria,fullpro,TAATACGACTCACTATAGGGGAATTGTGAGCGGATAACAATTCC
CMVmin,eukaryote,mammal,minpro,atttggtaggcgtgtacggtgggaggcctatataagcagagct
35Smin,eukaryote,plant,minpro,gcaagacccttcctctatataaggaagttcatttcatttggagaggac
CMVfull,eukaryote,mammal,fullpro,cgatgtacgggccagatatacgcgttgacattgattattgcctagttattaatagtaatcaattacggggtcattagttcatagcccatatatggagttccgcgttacataacttacggtaaatggcccgcctggctgaccgcccaacgacccccgcccattgacgtcaataatgacgtatgttcccatagtaacgccaatagggactttccattgacgtcaatgggtggagtatttacggtaaactgcccacttggcagtacatcaagtgtatcatatgccaagtacgccccctattgacgtcaatgacggtaaatggcccgcctggcattatgcccagtacatgaccttatgggactttcctacttggcagtacatctacgtattagtcatcgctattaccatggtgatgcggttttggcagtacatcaatgggcgtggatagcggtttgactcacggggatttccaagtctccaccccattgacgtcaatgggagtttgttttggcaccaaaatcaacgggactttccaaaatgtcgtaacaactccgccccattgacgcaaatgggcggtaggcgtgtacggtgggaggtctatataagcagagctctctggctaactagagaacccactgcttactggcttatcgaaat
35S_CaMV,eukaryote,plant,fullpro,ctactccaaaaatgtcaaagatacagtctcagaagaccaaagggctattgagacttttcaacaaagggtaatttcgggaaacctcctcggattccattgcccagctatctgtcacttcatcgaaaggacagtagaaaaggaaggtggctcctacaaatgccatcattgcgataaaggaaaggctatcattcaagatgcctctgccgacagtggtcccaaagatggacccccaccccgaggagcatcgtggaaaaagaagacgttccaaccacgtcttcaaagcaagtggattgatgtgacatctccactgacgtaagggatgacgcacaatcccactatccttcgcaagacccttcctctatataaggaagttcatttcatttggagagg
SV40_ter,eukaryote,mammal,terminator,aatgaatgcaattgttgttgttaacttgtttattgcagcttataatggttacaaataaagcaatagcatcacaaatttcacaaataaagcatttttt
hGH_PolyA_ter,eukaryote,mammal,terminator,gacgggtggcatccctgtgacccctccccagtgcctctcctggccctggaagttgccactccagtgcccaccagccttgtcctaataaaattaagttgcatcattttgtctgactaggtgtccttctataatattatggggtggaggggggtggtatggagcaaggggcaagttgggaagacaacctgtagggcctgcggggtctattgggaaccaagctggagtgcagtggcacaatcttggctcactgcaatctccgcctcctgggttcaagcgattctcctgcctcagcctcccgagttgttgggattccaggcatgcatgaccaggctcagctaatttttgtttttttggtagagacggggtttcaccatattggccaggctggtctccaactcctaatctcaggtgatctacccaccttggcctcccaaattgctgggattacaggcgtgaaccactgctcccttccctgtccttt
gRNA_term,eukaryote,mammal,terminator,GTTTTAGAGCTAGAAATAGCAAGTTAAAATAAGGCTAGTCCGTTATCAACTTGAAAAAGTGGCACCGAGTCGGTGCTTTTTTT
35S_CaMV_ter,eukaryote,plant,terminator,ctagagtccgcaaaaatcaccagtctctctctacaaatctatctctctctatttttctccagaataatgtgtgagtagttcccagataagggaattagggttcttatagggtttcgctcatgtgttgagcatataagaaacccttagtatgtatttgtatttgtaaaatacttctatcaataaaatttctaattcctaaaaccaaaatccagtgacc
35S_CaMV,eukaryote,plant,fullpro,ctactccaaaaatgtcaaagatacagtctcagaagaccaaagggctattgagacttttcaacaaagggtaatttcgggaaacctcctcggattccattgcccagctatctgtcacttcatcgaaaggacagtagaaaaggaaggtggctcctacaaatgccatcattgcgataaaggaaaggctatcattcaagatgcctctgccgacagtggtcccaaagatggacccccaccccgaggagcatcgtggaaaaagaagacgttccaaccacgtcttcaaagcaagtggattgatgtgacatctccactgacgtaagggatgacgcacaatcccactatccttcgcaagacccttcctctatataaggaagttcatttcatttggagagg
Gal4,eukaryote,mammal,box,atgaaactgctgagcagcattgaacaggcgtgcgatatttgccgcctgaaaaaactgaaatgcagcaaagaaaaaccgaaatgcgcgaaatgcctgaaaaacaactgggaatgccgctatagcccgaaaaccaaacgcagcccgctgacccgcgcgcatctgaccgaagtggaaagccgcctggaacgcctggaacagctgtttctgctgatttttccgcgcgaagatctggatatgattctgaaaatggatagcctgcaggatattaaagcgctgctgaccggcctgtttgtgcaggataacgtgaacaaagatgcggtgaccgatcgcctggcgagcgtggaaaccgatatgccgctgaccctgcgccagcatcgcattagcgcgaccagcagcagcgaagaaagcagcaacaaaggccagcgccagctgaccgtgagcggcagc
LexA,prokaryote,bacteria,box,atgaaagcgctgaccgcgcgccagcaggaagtgtttgatctgattcgcgatcatattagccagaccggcatgccgccgacccgcgcggaaattgcgcagcgcctgggctttcgcagcccgaacgcggcggaagaacatctgaaagcgctggcgcgcaaaggcgtgattgaaattgtgagcgcgcgagccgcggcattcgcctgctgcaggaagaagaagaaggcctgccgctggtgggccgcgtggcggcgggcgaaccgagcggcagcccgaaaaaaaaacgcaaagtgggcagcgatgcgctggatgattttgatctggatatgctgggcagcgatgcgctggatgattttgatctggatatgctgggcagcgatgcgctggatgattttgatctggatatgctgggcagcgatgcgctggatgattttgatctggatatgctgggcagc
T7_strong_RBS,prokaryote,bacteria,RBS,taatacgactcactatagggaatacaagctacttgttctttttgca
T7prom,prokaryote,bacteria,minpro,taatacgactcactatagggaga
T7term,prokaryote,bacteria,terminator,tcacactggctcaccttcgggtgggcctttctgcgtttata
Ubc Promoter,eukaryote,plant,fullpro,gatctggcctccgcgccgggttttggcgcctcccgcgggcgcccccctcctcacggcgagcgctgccacgtcagacgaagggcgcaggagcgtcctgatccttccgcccggacgctcaggacagcggcccgctgctcataagactcggccttagaaccccagtatcagcagaaggacattttaggacgggacttgggtgactctagggcactggttttctttccagagagcggaacaggcgaggaaaagtagtcccttctcggcgattctgcggagggatctccgtggggcggtgaacgccgatgattatataaggacgcgccgggtgtggcacagctagttccgtcgcagccgggatttgggtcgcggttcttgtttgtggatcgctgtgatcgtcacttggtgagtagcgggctgctgggctggccggggctttcgtggccgccgggccgctcggtgggacggaagcgtgtggagagaccgccaagggctgtagtctgggtccgcgagcaaggttgccctgaactgggggttggggggagcgcagcaaaatggcggctgttcccgagtcttgaatggaagacgcttgtgaggcgggctgtgaggtcgttgaaacaaggtggggggcatggtgggcggcaagaacccaaggtcttgaggccttcgctaatgcgggaaagctcttattcgggtgagatgggctggggcaccatctggggaccctgacgtgaagtttgtcactgactggagaactcggtttgtcgtctgttgcgggggcggcagttatgcggtgccgttgggcagtgcacccgtacctttgggagcgcgcgccctcgtcgtgtcgtgacgtcacccgttctgttggcttataatgcagggtggggccacctgccggtaggtgtgcggtaggcttttctccgtcgcaggacgcagggttcgggcctagggtaggctctcctgaatcgacaggcgccggacctctggtgaggggagggataagtgaggcgtcagtttctttggtcggttttatgtacctatcttcttaagtagctgaagctccggttttgaactatgcgctcggggttggcgagtgtgttttgtgaagttttttaggcaccttttgaaatgtaatcatttgggtcaatatgtaattttcagtgttagactagtaaattgtccgctaaattctggccgtttttggcttttttgttagacgaag
PLEAPglaA_2 promoter,eukaryote,plant,fullpro,cgtccagctccataagctgggtatcccactccgattgactatgattcatgctagctggaagtcaatctcgggtagtgttatactggacgtatctcggcatgacaggcgataagtggaaggatgcatgcacggaatgcaaagcataggattgatctacggaaatgggactcccgatttgtcgccaaacgatgcaccgtggcccacgcatgacccctacttttgcgagttgcttgatacctagtcggacccaaaaaacatccgagttcacagcctgtgcttagtccgaaggcctcagatggcgaatgtacgtggagaatatggttgaatcttaagaacgtgaggttaatggttggaccacgtgggctcacctcacgcgcagctgcggagccgctagaatcgtcgtgttgattgtaaacttacatcccgccattagactaaagtcggcattggtaatgtcagggaaaaccgtgtgtcggataatgcccgcgatcctatgcgctttctactcggtatcgcgtgagcttgcactgaacgatcagcacacaaaccctgtgcactcgctatacactaacaacaaagttttaaaagagctcgctttcgcaatgcgcagagacactgagtgcagctgcctccttcttcagtctccacctctcctttatattatatttgcgcagtcgcctcgc
UAS,eukaryote,plant,box,GGAGTACTGTCCTCCG
araBAD,prokaryote,bacteria,minpro,acattgattatttgcacggcgtcacactttgctatgccatagcatttttatccataagattagcggatcctacctgacgctttttatcgcaactctctactgtttctccataccgtttttttgggctagc
pLac,prokaryote,bacteria,minpro,ctttacactttatgcttccggctcgtatgttg
Tet-O,prokaryote,bacteria,box,ctatcagtgatag
LacIQ,prokaryote,bacteria,minpro,gacaccatcgaatggtgcaaaacctttcgcggtatggcatgatagcgcccggaagagagtcaattcagggtggtgaat
LacO,prokaryote,bacteria,box,ggaattgtgagcggataacaatt
U6,eukaryote,plant,fullpro,GAGGGCCTATTTCCCATGATTCCTTCATATTTGCATATACGATACAAGGCTGTTAGAGAGATAATTGGAATTAATTTGACTGTAAACACAAAGATATTAGTACAAAATACGTGACGTAGAAAGTAATAATTTCTTGGGTAGTTTGCAGTTTTAAAATTATGTTTTAAAATGGACTATCATATGCTTACCGTAACTTGAAAGTATTTCGATTTCTTGGCTTTATATATCTTGTGGAAAGGACGAAAGGACGAAAG
Ubiquitin,eukaryote,plant,fullpro,ctgcagtgcagcgtgacccggtcgtgcccctctctagagataatgagcattgcatgtctaagttataaaaaattaccacatattttttttgtcacacttgtttgaagtgcagtttatctatctttatacatatatttaaactttactctacgaataatataatctatagtactacaataatatcagtgttttagagaatcatataaatgaacagttagacatggtctaaaggacaattgagtattttgacaacaggactctacagttttatctttttagtgtgcatgtgttctcctttttttttgcaaatagcttcacctatataatacttcatccattttattagtacatccatttagggtttagggttaatggtttttatagactaatttttttagtacatctattttattctattttagcctctaaattaagaaaactaaaactctattttagtttttttatttaataatttagatataaaatagaataaaataaagtgactaaaaattaaacaaataccctttaagaaattaaaaaaactaaggaaacatttttcttgtttcgagtagataatgccagcctgttaaacgccgtcgacgagtctaacggacaccaaccagcgaaccagcagcgtcgcgtcgggccaagcgaagcagacggcacggcatctctgtcgctgcctctggacccctctcgagagttccgctccaccgttggacttgctccgctgtcggcatccagaaattgcgtggcggagcggcagacgtgagccggcacggcaggcggcctcctcctcctctcacggcacggcagctacgggggattcctttcccaccgctccttcgctttcccttcctcgcccgccgtaataaatagacaccccctccacaccctctttccccaacctcgtgttgttcggagcgcacacacacacaaccagatctcccccaaatccacccgtcggcacctccgcttcaaggtacgccgctcgtcctccccccccccccctctctaccttctctagatcggcgttccggtccatggttagggcccggtagttctacttctgttcatgtttgtgttagatccgtgtttgtgttagatccgtgctgctagcgttcgtacacggatgcgacctgtacgtcagacacgttctgattgctaacttgccagtgtttctctttggggaatcctgggatggctctagccgttccgcagacgggatcgatttcatgattttttttgtttcgttgcatagggtttggtttgcccttttcctttatttcaatatatgccgtgcacttgtttgtcgggtcatcttttcatgcttttttttgtcttggttgtgatgatgtggtctggttgggcggtcgttctagatcggagtagaattctgtttcaaactacctggtggatttattaattttggatctgtatgtgtgtgccatacatattcatagttacgaattgaagatgatggatggaaatatcgatctaggataggtatacatgttgatgcgggttttactgatgcatatacagagatgctttttgttcgcttggttgtgatgatgtggtgtggttgggcggtcgttcattcgttctagatcggagtagaatactgtttcaaactacctggtgtatttattaattttggaactgtatgtgtgtgtcatacatcttcatagttacgagtttaagatggatggaaatatcgatctaggataggtatacatgttgatgtgggttttactgatgcatatacatgatggcatatgcagcatctattcatatgctctaaccttgagtacctatctattataataaacaagtatgttttataattattttgatcttgatatacttggatgatggcatatgcagcagctatatgtggatttttttagccctgccttcatacgctatttatttgcttggtactgtttcttttgtcgatgctcaccctgttgtttggtgttacttctgcag
Nos,eukaryote,plant,terminator,gatcgttcaaacatttggcaataaagtttcttaagattgaatcctgttgccggtcttgcgatgattatcatataatttctgttgaattacgttaagcatgtaataattaacatgtaatgcatgacgttatttatgagatgggtttttatgattagagtcccgcaattatacatttaatacgcgatagaaaacaaaatatagcgcgcaaactaggataaattatcgcgcgcggtgtcatctatgttactagatc
Cas9,eukaryote,plant,gene,tccatggattacaaggatgatgatgataaggattacaaggatgatgatgataagatggctccaaagaagaagagaaaggttggaatccacggagttccagctgctgataagaagtactctatcggacttgacatcggaaccaactctgttggatgggctgttatcaccgatgagtacaaggttccatctaagaagttcaaggttcttggaaacaccgatagacactctatcaagaagaaccttatcggtgctcttcttttcgattctggagagaccgctgaggctaccagattgaagagaaccgctagaagaagatacaccagaagaaagaacagaatctgctaccttcaggaaatcttctctaacgagatggctaaggttgatgattctttcttccacagacttgaggagtctttccttgttgaggaggataagaagcacgagagacacccaatcttcggaaacatcgttgatgaggttgcttaccacgagaagtacccaaccatctaccaccttagaaagaagttggttgattctaccgataaggctgatcttagacttatctaccttgctcttgctcacatgatcaagttcagaggacacttccttatcgagggagaccttaacccagataactctgatgttgataagttgttcatccagcttgttcagacctacaaccagcttttcgaggagaacccaatcaacgcttctggagttgatgctaaggctatcctttctgctagactttctaagtctcgtagacttgagaaccttatcgctcagcttccaggagagaagaagaacggacttttcggaaaccttatcgctctttctcttggacttaccccaaacttcaagtctaacttcgatcttgctgaggatgctaagttgcagctttctaaggatacctacgatgatgatcttgataaccttcttgctcagatcggagatcagtacgctgatcttttccttgctgctaagaacctttctgatgctatccttctttctgacatccttagagttaacaccgagatcaccaaggctccactttctgcttctatgatcaagagatacgatgagcaccaccaggatcttacccttttgaaggctcttgttagacagcagcttccagagaagtacaaggaaatcttcttcgatcagtctaagaacggatacgctggatacatcgatggaggagcttctcaggaggagttctacaagttcatcaagccaatccttgagaagatggatggaaccgaggagcttcttgttaagttgaacagagaggatcttcttagaaagcagagaaccttcgataacggatctatcccacaccagatccaccttggagagcttcacgctatccttcgtagacaggaggatttctacccattcttgaaggataacagagagaagatcgagaagatccttaccttcagaatcccatactacgttggaccacttgctagaggaaactctcgtttcgcttggatgaccagaaagtctgaggagaccatcaccccttggaacttcgaggaggtaagtttctgcttctacctttgatatatatataataattatcattaattagtagtaatataatatttcaaatatttttttcaaaataaaagaatgtagtatatagcaattgcttttctgtagtttataagtgtgtatattttaatttataacttttctaatatatgaccaaaatttgttgatgtgcaggttgttgataagggagcttctgctcagtctttcatcgagagaatgaccaacttcgataagaaccttccaaacgagaaggttcttccaaagcactctcttctttacgagtacttcaccgtttacaacgagcttaccaaggttaagtacgttaccgagggaatgagaaagccagctttcctttctggagagcagaagaaggctatcgttgatcttcttttcaagaccaacagaaaggttaccgttaagcagttgaaggaggattacttcaagaagatcgagtgcttcgattctgttgaaatctctggagttgaggatagattcaacgcttctcttggaacctaccacgatcttttgaagatcatcaaggataaggatttccttgataacgaggagaacgaggacatccttgaggacatcgttcttacccttacccttttcgaggatagagagatgatcgaggagagactcaagacctacgctcaccttttcgatgataaggttatgaagcagttgaagagaagaagatacaccggatggggtagactttctcgtaagttgatcaacggaatcagagataagcagtctggaaagaccatccttgatttcttgaagtctgatggattcgctaacagaaacttcatgcagcttatccacgatgattctcttaccttcaaggaggacatccagaaggctcaggtttctggacagggagattctcttcacgagcacatcgctaaccttgctggatctccagctatcaagaagggaatccttcagaccgttaaggttgttgatgagcttgttaaggttatgggtagacacaagccagagaacatcgttatcgagatggctagagagaaccagaccacccagaagggacagaagaactctcgtgagagaatgaagagaatcgaggagggaatcaaggagcttggatctcaaatcttgaaggagcacccagttgagaacacccagcttcagaacgagaagttgtacctttactaccttcagaacggaagagatatgtacgttgatcaggagcttgacatcaacagactttctgattacgatgttgatcacatcgttccacagtctttcttgaaggatgattctatcgataacaaggttcttacccgttctgataagaacagaggaaagtctgataacgttccatctgaggaggttgttaagaagatgaagaactactggagacagcttcttaacgctaagttgatcacccagagaaagttcgataaccttaccaaggctgagagaggaggactttctgagcttgataaggctggattcatcaagagacagcttgttgagaccagacagatcaccaagcacgttgctcagatccttgattctcgtatgaacaccaagtacgatgagaacgataagttgatcagagaggttaaggttatcaccttgaagtctaagttggtttctgatttcagaaaggatttccagttctacaaggttagagagatcaacaactaccaccacgctcacgatgcttaccttaacgctgttgttggaaccgctcttatcaagaagtacccaaagttggagtctgagttcgtttacggagattacaaggtttacgatgttagaaagatgatcgctaagtctgagcaggagatcggaaaggctaccgctaagtacttcttctactctaacatcatgaacttcttcaagaccgagatcacccttgctaacggagagatcagaaagagaccacttatcgagaccaacggagagaccggagagatcgtttgggataagggaagagatttcgctaccgttagaaaggttctttctatgccacaggttaacatcgttaagaaaaccgaggttcagaccggaggattctctaaggagtctatccttccaaagagaaactctgataagttgatcgctagaaagaaggattgggacccaaagaagtacggaggattcgattctccaaccgttgcttactctgttcttgttgttgctaaggttgagaagggaaagtctaagaagttgaagtctgttaaggagcttcttggaatcaccatcatggagcgttcttctttcgagaagaacccaatcgatttccttgaggctaagggatacaaggaggttaagaaggatcttatcatcaagttgccaaagtactctcttttcgagcttgagaacggaagaaagagaatgcttgcttctgctggagagcttcagaagggaaacgagcttgctcttccatctaagtacgttaacttcctttaccttgcttctcactacgagaagttgaagggatctccagaggataacgagcagaagcagcttttcgttgagcagcacaagcactaccttgatgagatcatcgagcaaatctctgagttctctaagagagttatccttgctgatgctaaccttgataaggttctttctgcttacaacaagcacagagataagccaatcagagagcaggctgagaacatcatccaccttttcacccttaccaaccttggtgctccagctgctttcaagtacttcgataccaccatcgatagaaaaagatacacctctaccaaggaggttcttgatgctacccttatccaccagtctatcaccggactttacgagaccagaatcgatctttctcagcttggaggagataagagaccagctgctaccaagaaggctggacaggctaagaagaagaagtga
scaffold,eukaryote,plant,other,GTTTTAGAGCTAGAAATAGCAAGTTAAAATAAGGCTAGTCCGTTATCAACTTGAAAAAGTGGCACCGAGTCGGTGCTTTTTTT