BBa_K1467104,GoldenGate compatible MAS promoter,Regulatory,//chassis/eukaryote/nbenthamiana//promoter//regulation/constitutive,eukaryote,full prom,ggagatttttcaaatcagtgcgcaagacgtgacgtaagtatccgagtcagtttttatttttctactaatttggtcgtttatttcggcgtgtaggacatggcaaccgggcctgaatttcgcgggtattctgtttctattccaactttttcttgatccgcagccattaacgacttttgaatagatacgctgacacgccaagcctcgctagtcaaaagtgtaccaaacaacgctttacagcaagaacggaatgcgcgtgacgctcgcggtgacgccatttcgccttttcagaaatggataaatagccttgcttcctattatatcttcccaaattaccaatacattacactagcatctgaatttcataaccaatctcgatacaccaaatcgaatg,BBa_K1467104 - GoldenGate compatible MAS promoter
BBa_K1467103,GoldenGate compatible PDF1.2 promotor,Regulatory,//chassis/eukaryote/nbenthamiana//promoter//regulation,eukaryote,min prom,ggagaaagaattaatctatacttttacaaatttaaattctgatctcttataatgttcggtttttccttttttatttattaagttagttaaaatttgcagttattttgttgaatgtcgttgtttacgaatttacgaataatacctttatagctaatctacaaaattttgatgactgacaacaccgttaatgtttttttttaaattaccctgagcctctcacttgcggtcagaccatgcatgtcgatagtccattacgtttaaggccacaatcaactatagtttgtttatcaatagccaactaagctaacttttaggttcctgccctctccgttcctccggtaccaatcgtttctttgtcccttcgatagtttgaaaacctaccgacggtgagagcaaaatattgatgaatcatccaattttcagtaataggtgtgtcccagggatatataaatggcgaaactacgcgagaacggttccttgttctgcaaacttggcggaacaatgctgctcttgagatcaaccaaaccatatgtttagtccacaacgatctatatgtctaggggtgatcctctaatcgaaaaatgttgtatttgttcgacgatgacgaaggtcagactatgaactgcacagtctgcacttgtcctaaccgcgagaatctctgacatcaatatacttgtgtaactatggcttggttaagatattattttcttgagtcttaatccattcagattaaccagccgcccatgtgaacgatgtagcattagctaaaagccgaagcagccgcttaggttactttagatatcgacagagaaatatatgtggtggagaaaccagccatcaacaaacaaaaagcaagatcttatcttttgatattggctacgggaagatgatgtctgtttaatgtgtggggttaccacgttattgtacgatgcacaagtagaagattaacccactaccatttcattataaatagacgttgatctttggcttatttcttcacacaacacatacatctatacattgaaaacaaaatagtaataatcatcaatg,BBa_K1467103 - GoldenGate compatible PDF1.2 promotor
BBa_K1467102,GoldenGate compatible BS3 promoter + 5,Regulatory,//chassis/eukaryote/nbenthamiana//promoter//regulation,eukaryote,min prom,ggagctacggaatagcagcattaaggcacatcagagattttttgggtgttaagtttgtcatgaaacctgatgcctccacaggaactgtcaatctcatgtgtcttggctctggttttcagaatttatccagaaaagtatcatgataaattaatggtgtctgtgtttggtggcttagagtgacggctagatcaacatctttgggatgccttgtggagtgaaatcaagcatactttatcataggcgaaattttttgttgtggtttgctgcttgtaatgagagagtgatataggaagcaaatgtggagatcacatttgctcatctccttgttgcgttgaaacttttggtgtcaagagttctaattcacatgtatttgaagattcctcatatgctgcttttgtttctaattattttttctagtaagaaaacatttgttcctgagtttccaactagaaaaaaatatcaagtaaaatagaatacaatcatttcccttaccaacgcttggtactgccaaccgcaacaaagaattaatgcaaaacaacagtctattaatatcaacctagactaaactccttagttttactttgaaatgcgaatgatacatgacacattagattgtacttgctttttaccacagatacaacgatacatttgtatatcttttcccttatagcaaactctaatatatcatagtcaagctaacgaaacttatgcaagggaaatatgaaattagtatgcaagtaaactcaaagaactaatcattgaactgaaagatcaatatatcaaaaaaaaaaaaaaaacaataaaaccgtttaaccgatagattaaccatttctggttcagtttatgggttaaaccacaatttgcacaccctggttaaacaatgaacacgtttgcctgaccaattttattatataaacctaaccatcctcacaacttcaagttatcatcccctttctcttttctcctcttgttcttgtcacccgctaaatctatcaaaacacaagtagtcctagttgcacatatatttcaatg,BBa_K1467102 - GoldenGate compatible BS3 promoter + 5
BBa_K1467101,GoldenGate compatible 35s Promoter,Regulatory,//chassis/eukaryote/nbenthamiana//promoter//regulation/constitutive,eukaryote,full prom,ggaggtattccaatcccacaaaaatctgagcttaacagcacagttgctcctctcagagcagaatcgggtattcaacaccctcatatcaactactacgttgtgtataacggtccacatgccggtatatacgatgactggggttgtacaaaggcggcaacaaacggcgttcccggagttgcacacaagaaatttgccactattacagaggcaagagcagcagctgacgcgtacacaacaagtcagcaaacagacaggttgaacttcatccccaaaggagaagctcaactcaagcccaagagctttgctaaggccctaacaagcccaccaaagcaaaaagcccactggctcacgctaggaaccaaaaggcccagcagtgatccagccccaaaagagatctcctttgccccggagattacaatggacgatttcctctatctttacgatctaggaaggaagttcgaaggtgaaggtgacgacactatgttcaccactgataatgagaaggttagcctcttcaatttcagaaagaatgctgacccacagatggttagagaggcctacgcagcaagtctcatcaagacgatctacccgagtaacaatctccaggagatcaaataccttcccaagaaggttaaagatgcagtcaaaagattcaggactaattgcatcaagaacacagagaaagacatatttctcaagatcagaagtactattccagtatggacgattcaaggcttgcttcataaaccaaggcaagtaatagagattggagtctctaaaaaggtagttcctactgaatctaaggccatgcatggagtctaagattcaaatcgaggatctaacagaactcgccgtcaagactggcgaacagttcatacagagtcttttacgactcaatgacaagaagaaaatcttcgtcaacatggtggagcacgacactctggtctactccaaaaatgtcaaagatacagtctcagaagatcaaagggctattgagacttttcaacaaaggataatttcgggaaacctcctcggattccattgcccagctatctgtcacttcatcgaaaggacagtagaaaaggaaggtggctcctacaaatgccatcattgcgataaaggaaaggctatcattcaagatctctctgccgacagtggtcccaaagatggacccccacccacgaggagcatcgtggaaaaagaagaggttccaaccacgtctacaaagcaagtggattgatgtgacatctccactgacgtaagggatgacgcacaatcccactatccttcgcaagacccttcctctatataaggaagttcatttcatttggagaggacacgctcgagtataagagctcatttttacaacaattaccaacaacaacaaacaacaaacaacattacaattacatttacaattatcgatacaatg,BBa_K1467101 - GoldenGate compatible 35s Promoter
BBa_K1484214,"MpEF1a (Marchantia poylmorpha Elongation Factor 1, PlantSyntax Pro+5U)",Regulatory,//chassis/eukaryote/mpolymorpha//promoter//regulation/constitutive,eukaryote,full prom,ggtctcaggagcaaatgagtcacacacattgttgagagacatatcaaaataactcaattgtaaggtaagttgatagatttcccagttaaatgcattattttaacaatatttgtatctcaaattttcaaaatcatatcaaatttgcagatcttgatgatgattcacaactctctcttcgatttttgattgttaacgggtatcgatatttgggtaacttaaaaagaatttgctaaagatcttaaaaaacagattaaaaaaacctttcaaaatagctaatcctttaaatccgtttcacaatataatgctcattgatgataatcgaaaagattccattttaaagtgcatataaattgcttaattatctctttctgtctcgtaatattttgttctctcctattggatcggacccgcatcttctcgatcagttcactatactaatatttggtcaacttcaagagagattagaacttcgttctccaaagtgtaaaggccgacaagcagaaaaggaaacttcaatcagaagccttctaggttttcccgcgtcccaaaaagcgaagggaggacggggaggacggtgaggccagaagaagaaagcaacagtaaaatctcatgtgattgcgtgcatgtcatggatctatgggatgctagtccaccgtttggaagtatgtgcagaaggagaaaggcgcgggaggccaaaagcgacttcggccacctctctactttctacaaagtttgctcgcagcttgtaataagcgcggaaaaggtactcgaaaaaccggagcaatcggtgtggtatcagcagtcgggttcgctaaacctacctcttcttattttggaatgttaaattgaaagggcgtgccggccctaagcacggacgatgtgacagacggaggagtgtgagcaattcggatgacgatgctggccggcagtcacgacaaagagtccgaaggggcatggacagggcaatatataaatggaaaagaggctttgaatattcctaacccttcgtcgtcggcctcccaacttgccctcgcatgctgaattggccgcctatctgcgaatggccggccgccgaccctaagtcgcaataacttgaacggagccgatgcaaagtccttatcgaacgctcgttattataaacggggcagacctaggtatttaattatatcaaaaccctccgcaatttcgctaatcattccctaatttcttctactttggcgtctagtgctgtggtcgcgcttgctctcaaagctcgctgggaggcagtggagcgtctggcttaaaatcgatcgccgcaaccctagagttcctttcacttctttctctcttgcgtggagagcatcgacatcgaagagctgcatcttctcttctggtatgcgccttgtgccctgctctctgtacgtcgttacgattgctcgatattgtgattgtctacacctgaaacccgactggagcttttacgtggtgtcgattggggcctcgagcgagtgattttttaggttcgttttagccaagtacatcccactttggtcagtcctgttatctcggtaaggtgttcagttcggtctgtggtgcggaggtgcctcgtaagtttcctgcatgatagatttgtctatccttgacttgaagaggagtcgaaggtcagcgaggttggctgtgtgctatggacgtcggtgctccttggttccgtgcttctatgggtgttgcctcaacagtattgatgtgcctgcacaaaggttgtcaccaatgtgagacc,"BBa_K1484214 - MpEF1a (Marchantia poylmorpha Elongation Factor 1, PlantSyntax Pro+5U)"
BBa_K1554000,TA29 promoter,Regulatory,//biosafety//chassis/eukaryote/nbenthamiana//promoter,eukaryote,min prom,tagcgaatgcaattaatttagacattgtgttatgttccagttaaccgcttccctgcacttctttcaatctatctctcgatagaaaattgtgatactttgcgacttctatcagaggactttttgttttccatgtaacaatctgtcattttcgatggggagatttgcacaaataggctatttatgtgtcccaatttaaattttaaccccatgtcgatcagaacttagccacgagcaccagaagtttgatggatatgtgactttgtcactatccggtttactaatcaagagctatttttattcaaaattggatatctagctaagtataactggataatttgcattaacagattgaatatagtgccaaacaagaagggacaattgacttgtcactttatgaaagatgattcaaacatgattttttatgtactaatatatacatcctactcgaattaaagcgacataggctcgaagtatgcacatttagcaatgtaaattaaatcagtttttgaatcaagctaaaagcagacttgcataaggtgggtggctggactagaataaacatcttctctagcacagcttcataatgtaatttccataactgaaatcagggtgagacaaaattttggtactttttcctcacactaagtccatgtttgcaacaaattaatacatgaaaccttaatgttaccctcagattagcctgctactccccattttcctcgaaatgctccaacaaaagttagttttgcaagttgttgtgtatgtcttgtgctctatatatgcccttgtggtgcaagtgtaacagtacaacatcatcactcaaatcaaagtttttacttaaagaaattagctaaaaatg,BBa_K1554000 - TA29 promoter
BBa_K1159306,Actin5 Promoter from,Regulatory,//chassis/eukaryote/ppatens//promoter//regulation,eukaryote,min prom,cgagtccttgtgacttttgtgcattattgaggatatccatctatcttgattttggacaatgttttactgcccaaatttcaataagaaccattcacatattttgaaacacatttgatacactctacattcatgtcaagagtatagggacttgggtttaagattagggtttcagattagggcttgcagggttacagttaaaagttaggattaaagatttagatggagtcttggttcagagagaaaaaaggatttggggtaaagtttttatgaaagagaatcatcgcccaaacaagtagcgggactgctgaatgccttttgcaatgaatgaaaatttatcaacgtccgtcaatatgtacaagaccatcacataatggcccccctgaccacaatttgaaaaacacacacttcctgcctggaaccagtaatacaagtcattgtaggggagagagagagagggagagagagctgtagctgcgtataataagggtctcgcagattcagtgctacgtcgtatggatacaccgtatcacttctggtgtacaggttactaaatactactcgacacggggcgggccgatctgcggaacgcgccggggccatgtcccagggccctaggcccgccatatttctctcgtccacccgggcctacgtaaactttcccttctcactttcccagctcacgctctctgttcaacgcacaacaacgcgtaaccgagacgggttcggagcacaaagtcacccagcccggcccgacccgtgcccgtctggcgcctatctctctccgcctctgggcccgtttcgctcctgtccttgtgtgctctgtctggcccttcaccgcgcttcattgcttcttcgaccgagagcctcttagctccgtcttgttcaccactgccgcggcactccgaccccttgcatactctcttctgcggtgcctgcttctccccatctcctgcatcggtgccctgttgtgtttttttttaaaggtcagtccctctatcacgtcagtgtttcgcatttccgtgaagtgctcagggttttttttgctgcgaactgtcggtggagatgtgctttttgtcgtgtttgatgtgtgtgcggtgcagcgatggtgggtttcttggaggaggagggagagtcttattttagtcttgttgcccggtgtgctcggggcgcgaatgtgggtttatggtagcgcacaggtctgcgtttgcgatatgtgtgtagaaccctgtgccgagcgatcatcataatagtagtttctcgtttcggaggggctgggcttgtcaagtggaacgcagagtcgtagttttgagagttccagacgcgcatcgcgcagctgtagtgagatgtagcttctcggtgtgtttagtcaaggtttcgcttttccgatctcggatcatgtttacgtccgtcctttaagctggatctcttgttctttacagaacttgttcatcgccctgactaagttgctccagtgttggtctgaagacgacaagcctctttctttcttgaatagtaagaagaggaatttaatctgaaggcttgttttgtacagtagttggtcgtttattctttgatgtttaacttagcgtttcgttgtacttctactaatgtactctttagcttggtccgaggctattatttaatgagtcatgccctgaagtcgggaacagcgggttgcacctacaatcatatggatatgaggattcgggtcgagtattaacttgtagtcctttgttcattgtttttgattgcggggtttagctggtgcaactgcctgaatagcacgcactgctttccctgcgttcgaatcgtcatcaacattactattgtgtaatccacatggctacagctgctgtaaggttctgcgtcaagggcgttcttcaagaaataacctatgtcttccttgaaattaaatattggtggttgttgtgcaggtccgtattaaata,BBa_K1159306 - Actin5 Promoter from
BBa_K382034,Act2pLacO (Actin promoter + 2x LacO),Regulatory,//chassis/eukaryote/athaliana//promoter//regulation/constitutive,eukaryote,full prom,caactatttttatgtatgcaagagtcagcatatgtataattgattcagaatcgttttgacgagttcggatgtagtagtagccattatttaatgtacatactaatcgtgaatagtgatatgatgaaacattgtatcttattgtataaatatccataaacacatcatgaaagacactttctttcacggtctgaattaattatgatacaattctaatagaaaacgaattaaattacgttgaattgtatgaaatctaattgaacaagccaaccacgacgacgactaacgttgcctggattgactcggtttaagttaaccactaaaaaaacggagctgtcatgtaacacgcggatcgagcaggtcacagtcatgaagccatcaaagcaaaagaactaatccaagggctgagatgattaattagtttaaaaattagttaacacgagggaaaaggctgtctgacagccaggtcacgttatctttacctgtggtcgaaatgattcgtgtctgtcgattttaattatttttttgaaaggccgaaaataaagttgtaagagataaacccgcctatataaagtggaattgtgagcggataacaattaattgtctcgttgtcctcctcactttcatcagccgttttgaatctccggcgacttgacagagaagaacaaggaaggtggaattgtgagcggataacaattaagactaagagagaaagtaagagataatccaggagattcattctccgttttgaatcttcctcaatctcatcttcttccgctctttctttccaaggtaataggaactttctggatctactttatttgctggatctcgatcttgttttctcaatttccttgagatctggtattcgtttaatttggatctgtgaacctccactaaatcttttggttttactagaatcgatctaagttgaccgatcagttagctcgattatagctaccagaatttggcttgaccttgatggagagatccatgttcatgttacctgggaaatgatttgtatatgtgaattgaaatctgaactgttgaagttagattgaatctgaacactgtcaatgttagattgaatctgaacactgtttaagttagatgaagtttgtgtatagattcttcgaaactttaggatttgtagtgtcgtacgttgaacagaaagctatttctgattcaatcagggtttatttgactgtattgaactctttttgtgtgtttgcagctcataaaaa,BBa_K382034 - Act2pLacO (Actin promoter + 2x LacO)
BBa_K382022,pENTCUP2 plant specific promoter,Regulatory,//chassis/eukaryote/athaliana//promoter//regulation/constitutive,eukaryote,full prom,gggatcttctgcaagcatctctatttcctgaaggtctaacctcgaagatttaagatttaattacgtttataattacaaaattgattctagtatctttaatttaatgcttatacattattaattaatttagtactttcaatttgttttcagaaattattttactattttttataaaataaaagggagaaaatggctatttaaatactagcctattttatttcaattttagcttaaaatcagccccaattagccccaatttcaaattcaaatggtccagcccaattcctaaataacccacccctaacccgcccggtttccccttttgatccatgcagtcaacgcccagaatttccctatataattttttaattcccaaacacccctaactctatcccatttctcaccaaccgccacatagatctatcctcttatctctcaaactctctcgaaccttcccctaaccctagcagcctctcatcatcctcacctcaaaacccaccgga,BBa_K382022 - pENTCUP2 plant specific promoter
BBa_K1484215,nopaline synthase terminator,Terminator,//chassis/eukaryote/mpolymorpha//terminator,eukaryote,Terminator,ggtctcaggtagaatttccccgatcgttcaaacatttggcaataaagtttcttaagattgaatcctgttgccggtcttgcgatgattatcatataatttctgttgaattacgttaagcatgtaataattaacatgtaatgcatgacgttatttatgagatgggtttttatgattagagtcccgcaattatacatttaatacgcgatagaaaacaaaatatagcgcgcaaactaggataaattatcgcgcgcggtgtcatctatgttactagatcggcaattccgctagagacc,BBa_K1484215 - nopaline synthase terminator
BBa_K1618037,35s Terminator,Terminator,//chassis/eukaryote/nbenthamiana,eukaryote,Terminator,gcttctctagctagagtcgatcgacaagctcgagtttctccataataatgtgtgagtagttcccagataagggaattagggttcctatagggtttcgctcatgtgttgagcatataagaaacccttagtatgtatttgtatttgtaaaatacttctatcaataaaatttctaattcctaaaaccaaaatccagtactaaaatccagatcgct,BBa_K1618037 - 35s Terminator
BBa_K1824100,Green fluorescent protein (GFP),CDS,//cds/reporter/gfp,,CDS,atggtgagcaagggcgaggagctgttcaccggggtggtgcccatcctggtcgagctggacggcgacgtaaacggccacaagttcagcgtgtccggcgagggcgagggcgatgccacctacggcaagctgaccctgaagttcatctgcaccaccggcaagctgcccgtgccctggcccaccctcgtgaccaccctgacctacggcgtgcagtgcttcagccgctaccccgaccacatgaagcagcacgacttcttcaagtccgccatgcccgaaggctacgtccaggagcgcaccatcttcttcaaggacgacggcaactacaagacccgcgccgaggtgaagttcgagggcgacaccctggtgaaccgcatcgagctgaagggcatcgacttcaaggaggacggcaacatcctggggcacaagctggagtacaactacaacagccacaacgtctatatcatggccgacaagcagaagaacggcatcaaggtgaacttcaagatccgccacaacatcgaggacggcagcgtgcagctcgccgaccactaccagcagaacacccccatcggcgacggccccgtgctgctgcccgacaaccactacctgagcacccagtccgccctgagcaaagaccccaacgagaagcgcgatcacatggtcctgctggagttcgtgaccgccgccgggatcactctcggcatggacgagctgtacaagtaataatactagagccaggcatcaaataaaacgaaaggctcagtcgaaagactgggcctttcgttttatctgttgtttgtcggtgaacgctctctactagagtcacactggctcaccttcgggtgggcctttctgcgtttata,BBa_K1824100 - Green fluorescent protein (GFP)
BBa_K1491004,Yellow fluorescent protein (YFP),CDS,//cds/reporter/yfp//function/reporter/fluorescence,,CDS,atggttagcaagggcgaagaactttttacaggcgtagtaccgatcttagttgaattagacggcgacgttaacggtcataagtttagcgtgagcggtgagggtgaaggtgacgcaacttacggcaagctgaccctgaagctgatttgcacgacgggtaagctgccggtcccgtggcctaccctggtcacgaccttgggttatggcgttcagtgtttcgcgcgttatccggaccacatgaaacaacacgatttctttaagagcgcgatgccagaaggctatgtgcaggagcgtacgatctttttcaaagacgacggtaactacaagacgcgtgccgaagtcaaattcgaaggcgacaccctggtgaatcgcattgagctgaagggtattgatttcaaagaggatggcaatatcctgggtcacaagctggagtacaattacaattcccacaacgtttacatcaccgcagataaacagaaaaatggcatcaaagcgaatttcaaaatccgtcacaacattgaggacggtggtgttcaactggcggatcattaccagcaaaacaccccgattggtgacggtccggtcctgttgccggataaccattatctgtcttaccaaagcaaactgagcaaagatccgaacgagaagcgcgaccacatggtgctgctggagtttgtgaccgctgccggtattaccctgggtatggatgagctgtataaacatcatcaccaccatcactaataa,BBa_K1491004 - Yellow fluorescent protein (YFP)
BBa_K1641224,Red fluorescent protein (RFP),CDS,//cds/reporter/rfp//function/reporter/fluorescence,,CDS,atggtgagcaagggcgaggaggataacatggccatcatcaaggagttcatgcgcttcaaggtgcacatggagggctccgtgaacggccacgagttcgagatcgagggcgagggcgagggccgcccctacgagggcacccagaccgccaagctgaaggtgaccaagggtggccccctgcccttcgcctgggacatcctgtcccctcagttcatgtacggctccaaggcctacgtgaagcaccccgccgacatccccgactacttgaagctgtccttccccgagggcttcaagtgggagcgcgtgatgaacttcgaggacggcggcgtggtgaccgtgacccaggactcctccttgcaggacggcgagttcatctacaaggtgaagctgcgcggcaccaacttcccctccgacggccccgtaatgcagaagaagaccatgggctgggaggcctcctccgagcggatgtaccccgaggacggcgccctgaagggcgagatcaagcagaggctgaagctgaaggacggcggccactacgacgctgaggtcaagaccacctacaaggccaagaagcccgtgcagctgcccggcgcctacaacgtcaacatcaagttggacatcacctcccacaacgaggactacaccatcgtggaacagtacgaacgcgccgagggccgccactccaccggcggcatggacgagctgtacaaggctgctaacgacgaaaactacgctgacgcttcttaataa,BBa_K1641224 - Red fluorescent protein (RFP)
BBa_K1418040,Cyan Fluorescent Protein (CFP),CDS,//cds/reporter/cfp//function/reporter/fluorescence,,CDS,atggtgagcaagggcgaggagctgttcaccggggtggtgcccatcctggtcgagctggacggcgacgtgaacggccacaagttcagcgtgtccggcgagggcgagggcgatgccacctacggcaagctgaccctgaagttcatctgcaccaccggcaagctgcccgtgccctggcccaccctcgtgaccaccctgacctggggcgtgcagtgcttcagccgctaccccgaccacatgaagcagcacgacttcttcaagtccgccatgcccgaaggctacgtccaggagcgcaccatcttcttcaaggacgacggcaactacaagacccgcgccgaggtgaagttcgagggcgacaccctggtgaaccgcatcgagctgaagggcatcgacttcaaggaggacggcaacatcctggggcacaagctggagtacaactacatcagccacaacgtctatatcaccgccgacaagcagaagaacggcatcaaggccaacttcaagatccgccacaacatcgaggacggcagcgtgcagctcgccgaccactaccagcagaacacccccatcggcgacggccccgtgctgctgcccgacaaccactacctgagcacccagtccgccctgagcaaagaccccaacgagaagcgcgatcacatggtcctgctggagttcgtgaccgccgccgggatcactctcggcatggacgagctgtacaagtaataa,BBa_K1418040 - Cyan Fluorescent Protein (CFP)